Page, VisitedAt, age, nextPage, lengthOfStay(mins)
posts, 2021-03-19 02:01:11.030Z, 38, edit-post, 3 
edit-page, 2021-06-21 00:50:53.708Z, 28, tags, 3 
settings, 2021-04-01 02:46:04.572Z, 24, posts, 7 
settings, 2021-05-16 14:41:54.232Z, 22, tags, 5 
posts, 2021-05-11 20:01:50.174Z, 41, tags, 6 
tags, 2021-03-28 09:25:08.909Z, 44, posts, 1 
tags, 2021-03-07 15:13:04.935Z, 39, tags, 8 
edit-page, 2021-02-21 05:16:54.582Z, 30, edit-post, 6 
tags, 2021-06-16 21:24:35.662Z, 29, pages, 1 
tags, 2021-05-26 07:29:13.956Z, 42, settings, 9 
settings, 2021-03-12 16:15:50.217Z, 22, tags, 3 
tags, 2021-06-18 18:42:01.690Z, 26, tags, 1 
posts, 2021-04-19 05:42:29.077Z, 39, posts, 1 
posts, 2021-06-22 23:49:33.576Z, 31, edit-page, 7 
tags, 2021-02-24 02:57:32.521Z, 40, tags, 10 
pages, 2021-02-22 05:17:58.925Z, 40, pages, 5 
posts, 2021-02-23 09:06:25.420Z, 31, edit-post, 4 
settings, 2021-06-22 10:52:59.143Z, 23, settings, 1 
settings, 2021-05-12 04:03:15.285Z, 36, tags, 5 
settings, 2021-04-23 15:06:03.679Z, 40, edit-page, 9 
posts, 2021-04-28 20:29:32.254Z, 29, edit-page, 8 
pages, 2021-01-07 10:55:28.015Z, 25, settings, 1 
edit-post, 2021-04-10 07:52:33.625Z, 29, tags, 1 
tags, 2021-02-14 07:53:06.297Z, 43, edit-page, 2 
pages, 2021-04-11 20:22:47.635Z, 41, settings, 2 
settings, 2021-02-22 07:32:02.911Z, 37, edit-post, 4 
tags, 2021-06-09 10:52:40.629Z, 27, tags, 3 
edit-page, 2021-03-30 05:51:19.132Z, 42, edit-page, 2 
settings, 2021-01-13 09:16:48.369Z, 39, posts, 2 
posts, 2021-05-27 06:37:48.015Z, 29, tags, 3 
tags, 2021-06-07 21:53:29.605Z, 32, tags, 10 
edit-post, 2021-02-23 01:41:00.201Z, 36, pages, 10 
pages, 2021-02-21 16:21:02.308Z, 23, tags, 2 
posts, 2021-05-10 10:21:27.962Z, 25, settings, 9 
tags, 2021-01-19 23:44:50.577Z, 28, posts, 7 
tags, 2021-02-06 12:16:11.935Z, 38, edit-post, 8 
pages, 2021-05-07 14:35:13.018Z, 36, posts, 7 
edit-page, 2021-05-25 22:41:12.182Z, 22, tags, 2 
pages, 2021-04-28 22:27:43.671Z, 41, settings, 3 
edit-post, 2021-04-28 19:50:53.664Z, 33, tags, 9 
edit-page, 2021-06-11 00:31:56.283Z, 31, posts, 1 
tags, 2021-03-04 01:40:10.752Z, 45, settings, 10 
tags, 2021-01-30 16:52:44.739Z, 29, tags, 2 
edit-page, 2021-02-25 19:02:13.189Z, 42, settings, 9 
tags, 2021-06-05 16:30:40.589Z, 29, tags, 7 
tags, 2021-04-09 06:34:49.205Z, 39, tags, 4 
edit-page, 2021-05-29 22:28:18.726Z, 22, settings, 7 
edit-post, 2021-03-15 21:34:31.948Z, 23, tags, 5 
tags, 2021-01-13 05:18:42.566Z, 27, tags, 6 
pages, 2021-01-05 01:44:14.187Z, 29, tags, 9 
posts, 2021-02-04 12:48:21.364Z, 41, edit-post, 7 
pages, 2021-05-08 04:05:30.019Z, 38, tags, 9 
edit-page, 2021-03-28 02:31:00.043Z, 40, tags, 10 
posts, 2021-04-28 17:59:06.917Z, 43, posts, 6 
posts, 2021-01-04 21:17:16.493Z, 34, pages, 10 
edit-page, 2021-03-09 21:36:23.757Z, 24, tags, 6 
edit-post, 2021-04-01 13:47:37.727Z, 31, pages, 3 
edit-post, 2021-05-04 16:50:33.352Z, 22, pages, 7 
posts, 2021-05-07 08:10:50.801Z, 29, settings, 7 
tags, 2021-04-19 06:26:02.308Z, 43, edit-page, 7 
tags, 2021-02-01 13:25:29.474Z, 24, pages, 5 
tags, 2021-05-05 12:13:20.872Z, 24, posts, 5 
pages, 2021-02-07 04:43:40.730Z, 22, settings, 9 
settings, 2021-06-14 19:04:36.054Z, 41, edit-post, 3 
tags, 2021-01-11 02:29:30.380Z, 25, posts, 9 
edit-page, 2021-03-15 01:29:59.086Z, 42, posts, 6 
edit-page, 2021-03-13 07:38:28.831Z, 34, edit-page, 8 
pages, 2021-04-11 14:49:41.266Z, 24, posts, 3 
settings, 2021-06-06 04:17:03.656Z, 22, settings, 1 
settings, 2021-01-04 08:10:02.510Z, 35, tags, 9 
edit-page, 2021-05-23 01:18:35.890Z, 38, edit-page, 2 
pages, 2021-06-20 17:17:41.237Z, 34, edit-page, 7 
settings, 2021-03-08 17:58:02.850Z, 35, edit-post, 7 
tags, 2021-04-03 05:25:44.330Z, 31, pages, 8 
tags, 2021-02-28 08:29:49.638Z, 41, tags, 10 
tags, 2021-06-19 14:29:55.363Z, 36, edit-post, 4 
pages, 2021-01-14 05:49:38.772Z, 27, tags, 5 
tags, 2021-04-01 03:06:50.887Z, 31, tags, 4 
tags, 2021-01-02 16:31:27.104Z, 22, edit-page, 10 
settings, 2021-05-12 18:32:52.280Z, 28, tags, 6 
tags, 2021-06-23 17:08:11.352Z, 28, edit-post, 7 
pages, 2021-06-08 12:03:30.450Z, 23, tags, 2 
pages, 2021-02-05 10:58:35.640Z, 41, edit-post, 10 
tags, 2021-01-12 23:44:28.940Z, 32, tags, 7 
settings, 2021-03-04 14:05:27.956Z, 34, posts, 2 
edit-post, 2021-05-26 02:15:36.433Z, 34, settings, 1 
pages, 2021-03-05 20:24:27.115Z, 40, posts, 3 
edit-post, 2021-04-11 06:51:59.452Z, 34, edit-post, 1 
edit-page, 2021-05-17 10:09:16.389Z, 38, tags, 1 
pages, 2021-04-09 16:48:47.699Z, 25, posts, 6 
posts, 2021-02-17 06:47:44.129Z, 41, tags, 3 
tags, 2021-05-18 21:03:22.166Z, 32, edit-post, 8 
edit-post, 2021-05-30 03:10:39.472Z, 23, edit-post, 9 
edit-page, 2021-03-23 16:09:04.028Z, 22, posts, 9 
posts, 2021-03-25 20:16:03.357Z, 32, posts, 10 
tags, 2021-05-20 03:34:09.517Z, 27, pages, 4 
edit-page, 2021-01-18 03:19:48.004Z, 28, tags, 2 
tags, 2021-05-24 19:57:58.807Z, 25, tags, 9 
tags, 2021-04-19 09:28:47.548Z, 43, tags, 10 
posts, 2021-04-26 02:35:15.534Z, 22, edit-post, 6 
edit-page, 2021-01-27 18:49:56.267Z, 43, pages, 2 
edit-post, 2021-03-23 14:45:58.787Z, 26, pages, 9 
edit-post, 2021-04-30 08:42:27.996Z, 27, posts, 8 
pages, 2021-04-14 13:40:23.531Z, 45, tags, 4 
settings, 2021-02-03 01:23:26.455Z, 24, edit-page, 2 
pages, 2021-02-12 07:22:10.435Z, 30, posts, 1 
edit-post, 2021-02-18 19:11:01.493Z, 38, tags, 10 
edit-page, 2021-03-02 01:18:13.623Z, 41, settings, 3 
posts, 2021-03-01 15:44:59.883Z, 35, pages, 1 
settings, 2021-04-14 17:41:18.790Z, 35, tags, 3 
tags, 2021-05-10 06:03:00.380Z, 32, pages, 10 
tags, 2021-04-28 23:09:39.731Z, 30, settings, 4 
pages, 2021-05-22 10:53:44.071Z, 41, pages, 4 
posts, 2021-03-17 21:00:36.009Z, 38, tags, 8 
edit-page, 2021-01-02 16:19:02.973Z, 33, posts, 3 
settings, 2021-06-02 06:50:26.134Z, 30, pages, 5 
edit-page, 2021-05-01 00:30:52.286Z, 25, pages, 9 
tags, 2021-04-02 03:42:35.888Z, 25, tags, 10 
settings, 2021-03-28 19:38:00.360Z, 23, edit-post, 3 
settings, 2021-05-08 16:44:44.682Z, 37, tags, 3 
tags, 2021-01-09 12:19:42.634Z, 31, settings, 9 
settings, 2021-02-08 18:29:14.247Z, 33, edit-page, 10 
settings, 2021-06-21 20:19:26.245Z, 42, tags, 3 
edit-post, 2021-06-19 04:03:24.760Z, 35, edit-post, 10 
tags, 2021-05-28 15:58:39.745Z, 36, tags, 6 
posts, 2021-05-06 08:09:08.731Z, 26, tags, 8 
edit-page, 2021-03-21 21:06:48.560Z, 37, posts, 3 
posts, 2021-04-27 15:00:42.069Z, 42, posts, 10 
edit-post, 2021-03-29 03:37:23.663Z, 43, posts, 7 
edit-page, 2021-03-18 13:10:04.667Z, 32, tags, 7 
pages, 2021-05-18 04:26:29.930Z, 29, tags, 5 
pages, 2021-06-14 21:48:13.044Z, 40, settings, 1 
edit-post, 2021-01-31 20:29:29.402Z, 28, tags, 4 
tags, 2021-02-15 06:18:41.241Z, 39, posts, 10 
settings, 2021-02-25 23:23:06.560Z, 39, settings, 4 
tags, 2021-05-16 06:48:10.188Z, 26, edit-post, 10 
tags, 2021-03-17 08:28:40.136Z, 45, edit-post, 8 
edit-post, 2021-06-10 21:18:04.540Z, 27, settings, 6 
edit-page, 2021-04-27 01:14:31.065Z, 31, posts, 4 
edit-page, 2021-05-03 13:57:08.489Z, 28, settings, 10 
edit-page, 2021-04-03 00:35:15.112Z, 22, posts, 4 
posts, 2021-05-08 22:38:12.825Z, 39, pages, 5 
pages, 2021-03-16 18:37:02.864Z, 25, settings, 7 
edit-post, 2021-02-03 10:05:53.454Z, 32, tags, 8 
edit-page, 2021-03-31 07:26:28.140Z, 25, settings, 10 
edit-page, 2021-03-27 01:59:43.013Z, 28, tags, 4 
pages, 2021-01-26 03:36:19.513Z, 25, pages, 7 
posts, 2021-05-16 23:31:57.188Z, 38, edit-page, 5 
edit-post, 2021-04-10 11:00:39.549Z, 29, pages, 5 
edit-post, 2021-04-27 14:33:42.763Z, 44, edit-page, 9 
settings, 2021-02-14 17:40:26.631Z, 31, posts, 5 
pages, 2021-02-27 16:28:21.154Z, 43, pages, 3 
posts, 2021-02-19 19:10:00.926Z, 45, settings, 2 
pages, 2021-02-19 11:37:46.932Z, 29, edit-post, 1 
tags, 2021-02-13 09:27:24.822Z, 40, edit-post, 9 
settings, 2021-01-10 20:44:52.910Z, 23, settings, 2 
settings, 2021-02-09 09:11:04.409Z, 41, posts, 1 
edit-post, 2021-01-08 04:25:43.886Z, 42, tags, 9 
posts, 2021-02-07 16:49:23.715Z, 45, tags, 3 
tags, 2021-05-02 12:40:23.206Z, 42, tags, 5 
edit-page, 2021-06-20 12:23:25.944Z, 30, edit-page, 5 
pages, 2021-04-21 20:57:12.174Z, 36, posts, 1 
pages, 2021-06-03 02:36:08.780Z, 41, settings, 8 
tags, 2021-03-22 15:30:36.972Z, 31, tags, 2 
pages, 2021-03-16 22:49:06.118Z, 38, tags, 10 
pages, 2021-06-04 08:57:57.038Z, 34, pages, 6 
tags, 2021-02-21 15:31:36.968Z, 35, edit-post, 9 
edit-post, 2021-01-03 03:04:21.998Z, 22, tags, 5 
edit-post, 2021-01-02 06:26:21.468Z, 29, edit-post, 1 
tags, 2021-06-11 12:55:25.952Z, 42, tags, 4 
settings, 2021-01-11 03:53:20.344Z, 34, tags, 4 
tags, 2021-03-06 17:02:08.248Z, 35, settings, 8 
tags, 2021-03-31 09:15:04.724Z, 32, edit-post, 7 
edit-page, 2021-03-08 13:18:47.454Z, 28, edit-post, 7 
tags, 2021-02-23 07:35:21.605Z, 30, tags, 2 
edit-page, 2021-01-09 08:33:21.141Z, 31, tags, 7 
pages, 2021-05-09 21:14:14.683Z, 27, settings, 6 
tags, 2021-04-22 04:24:21.436Z, 40, tags, 8 
settings, 2021-05-28 08:32:11.097Z, 33, posts, 9 
edit-post, 2021-04-14 20:18:30.772Z, 36, settings, 4 
settings, 2021-02-17 19:12:02.901Z, 33, tags, 3 
edit-page, 2021-02-17 07:19:55.204Z, 43, tags, 1 
tags, 2021-04-01 20:41:58.026Z, 45, edit-page, 10 
settings, 2021-05-21 07:07:54.029Z, 23, tags, 5 
edit-post, 2021-02-02 01:03:02.189Z, 44, pages, 2 
tags, 2021-05-12 10:42:51.421Z, 31, edit-post, 7 
posts, 2021-03-01 21:20:09.570Z, 28, posts, 3 
posts, 2021-03-17 09:09:46.301Z, 22, pages, 10 
settings, 2021-01-08 03:42:03.474Z, 28, posts, 3 
edit-post, 2021-02-19 23:12:51.882Z, 23, tags, 6 
edit-page, 2021-02-25 02:36:14.480Z, 32, tags, 7 
tags, 2021-03-19 00:16:41.341Z, 38, tags, 2 
posts, 2021-05-15 02:55:23.082Z, 28, edit-page, 8 
pages, 2021-02-14 14:04:00.805Z, 35, posts, 10 
edit-page, 2021-04-03 06:39:05.007Z, 24, edit-post, 7 
tags, 2021-03-09 18:01:31.612Z, 26, edit-post, 3 
edit-post, 2021-01-08 22:05:59.980Z, 45, pages, 6 
pages, 2021-06-10 00:39:32.850Z, 32, settings, 2 
posts, 2021-03-16 13:50:48.674Z, 24, edit-post, 10 
posts, 2021-06-09 12:59:14.680Z, 31, edit-page, 3 
posts, 2021-05-22 21:13:14.326Z, 31, tags, 3 
posts, 2021-04-04 10:59:56.183Z, 35, edit-post, 7 
settings, 2021-01-09 02:32:10.204Z, 30, settings, 9 
tags, 2021-03-04 21:30:52.384Z, 38, tags, 8 
edit-page, 2021-01-26 06:14:44.064Z, 24, edit-post, 5 
tags, 2021-06-13 08:52:40.992Z, 40, posts, 8 
settings, 2021-02-12 00:37:46.096Z, 34, tags, 2 
posts, 2021-06-15 03:19:03.251Z, 30, posts, 5 
tags, 2021-06-22 14:01:51.846Z, 45, edit-page, 8 
pages, 2021-02-18 16:42:32.539Z, 36, posts, 5 
settings, 2021-04-23 02:24:31.433Z, 26, posts, 7 
pages, 2021-01-19 05:21:17.100Z, 36, posts, 6 
pages, 2021-01-06 11:12:39.291Z, 28, edit-page, 10 
settings, 2021-01-18 06:55:11.886Z, 39, settings, 4 
tags, 2021-01-21 21:52:41.648Z, 34, tags, 9 
pages, 2021-04-21 08:15:22.753Z, 45, tags, 7 
settings, 2021-02-18 06:03:55.457Z, 40, pages, 3 
settings, 2021-06-08 19:45:32.803Z, 39, edit-post, 9 
tags, 2021-02-19 10:26:52.130Z, 24, edit-page, 6 
settings, 2021-01-22 10:59:26.528Z, 39, pages, 8 
settings, 2021-01-03 23:05:03.989Z, 25, settings, 8 
tags, 2021-05-05 08:48:00.158Z, 38, pages, 1 
settings, 2021-01-15 16:44:27.533Z, 43, tags, 3 
tags, 2021-04-16 02:01:09.993Z, 24, edit-post, 6 
settings, 2021-06-17 03:47:55.422Z, 25, posts, 1 
settings, 2021-05-19 14:50:08.268Z, 25, pages, 4 
posts, 2021-01-01 11:42:49.762Z, 44, settings, 9 
tags, 2021-01-13 12:02:09.485Z, 22, posts, 3 
tags, 2021-03-01 19:51:10.164Z, 43, posts, 6 
edit-post, 2021-05-20 14:34:54.038Z, 24, pages, 5 
pages, 2021-05-26 01:06:07.060Z, 34, tags, 9 
settings, 2021-02-03 02:08:11.925Z, 32, pages, 10 
edit-page, 2021-03-18 05:28:08.803Z, 44, edit-post, 3 
posts, 2021-01-27 10:22:56.919Z, 36, edit-post, 2 
tags, 2021-05-04 02:59:13.573Z, 28, tags, 2 
tags, 2021-05-26 14:52:16.169Z, 40, tags, 8 
settings, 2021-02-14 04:50:41.980Z, 41, pages, 8 
settings, 2021-04-03 23:47:20.296Z, 37, posts, 7 
tags, 2021-06-07 22:18:18.254Z, 26, tags, 4 
edit-page, 2021-04-16 18:54:54.210Z, 39, tags, 3 
tags, 2021-06-05 00:32:47.075Z, 39, settings, 4 
tags, 2021-03-11 08:31:03.908Z, 29, tags, 3 
edit-post, 2021-05-28 06:33:56.963Z, 44, settings, 10 
edit-post, 2021-01-25 09:48:11.943Z, 23, edit-post, 1 
posts, 2021-01-14 05:10:56.934Z, 38, settings, 4 
settings, 2021-06-01 01:28:28.074Z, 33, edit-post, 5 
settings, 2021-05-12 09:57:09.175Z, 43, tags, 6 
settings, 2021-01-23 16:32:00.889Z, 44, settings, 8 
tags, 2021-03-21 17:00:51.968Z, 27, tags, 4 
posts, 2021-03-20 03:21:37.142Z, 25, edit-page, 1 
tags, 2021-03-05 20:58:06.026Z, 22, edit-page, 4 
tags, 2021-06-06 18:09:55.819Z, 42, edit-page, 10 
settings, 2021-01-29 07:08:46.375Z, 22, edit-page, 10 
tags, 2021-04-09 15:06:25.991Z, 41, tags, 2 
tags, 2021-05-18 13:00:40.992Z, 42, edit-post, 3 
edit-page, 2021-03-06 09:52:46.837Z, 32, tags, 7 
tags, 2021-03-24 12:07:57.443Z, 44, edit-post, 8 
tags, 2021-01-17 14:00:20.311Z, 35, posts, 7 
settings, 2021-02-16 12:21:23.076Z, 44, settings, 8 
settings, 2021-06-07 03:19:42.737Z, 45, settings, 10 
settings, 2021-04-17 14:47:42.969Z, 30, tags, 9 
edit-page, 2021-04-15 10:45:00.689Z, 26, edit-post, 2 
settings, 2021-03-01 22:50:11.596Z, 35, settings, 9 
tags, 2021-01-24 14:45:24.119Z, 41, tags, 5 
pages, 2021-06-24 14:30:08.218Z, 35, posts, 9 
tags, 2021-02-13 01:58:20.664Z, 33, tags, 5 
pages, 2021-02-18 16:01:29.247Z, 32, tags, 5 
edit-post, 2021-03-06 07:27:01.235Z, 44, posts, 2 
edit-page, 2021-05-24 07:59:08.351Z, 43, edit-page, 1 
tags, 2021-03-05 14:37:53.476Z, 42, tags, 5 
pages, 2021-06-11 22:54:03.025Z, 29, tags, 1 
edit-page, 2021-05-07 01:52:58.923Z, 23, pages, 10 
tags, 2021-05-13 10:45:53.360Z, 38, tags, 9 
edit-page, 2021-06-14 08:54:46.477Z, 41, edit-post, 4 
posts, 2021-03-23 10:30:45.477Z, 32, posts, 2 
posts, 2021-06-02 01:41:37.879Z, 36, settings, 1 
edit-post, 2021-03-12 06:04:26.083Z, 25, settings, 1 
tags, 2021-04-19 02:54:40.493Z, 29, tags, 5 
edit-post, 2021-03-28 21:05:41.102Z, 32, tags, 4 
edit-post, 2021-06-02 19:38:51.715Z, 40, pages, 4 
tags, 2021-04-13 11:56:56.702Z, 24, posts, 8 
edit-post, 2021-05-31 20:23:22.457Z, 32, pages, 2 
pages, 2021-02-03 05:34:16.634Z, 23, settings, 10 
posts, 2021-03-25 19:51:44.609Z, 31, posts, 6 
tags, 2021-01-18 02:48:14.562Z, 34, edit-page, 4 
pages, 2021-05-25 18:41:17.047Z, 35, posts, 2 
posts, 2021-05-30 09:04:31.972Z, 33, posts, 9 
settings, 2021-03-10 02:02:32.821Z, 41, posts, 3 
posts, 2021-05-28 16:38:49.879Z, 39, tags, 6 
posts, 2021-01-14 20:25:01.416Z, 27, tags, 5 
tags, 2021-06-21 18:49:32.373Z, 23, edit-page, 8 
edit-page, 2021-04-30 04:57:29.354Z, 23, posts, 9 
settings, 2021-04-27 05:51:39.016Z, 43, edit-post, 8 
tags, 2021-01-08 05:21:08.915Z, 36, settings, 1 
posts, 2021-01-13 03:27:41.874Z, 28, tags, 1 
posts, 2021-02-26 23:56:04.051Z, 24, edit-page, 5 
tags, 2021-02-13 19:04:28.535Z, 33, edit-post, 6 
edit-post, 2021-04-14 02:05:00.501Z, 26, pages, 10 
tags, 2021-03-01 17:57:55.387Z, 26, edit-post, 9 
pages, 2021-04-29 00:08:28.260Z, 40, posts, 6 
tags, 2021-05-17 06:49:35.072Z, 25, tags, 7 
tags, 2021-02-14 08:15:03.688Z, 33, pages, 3 
settings, 2021-01-25 04:43:39.033Z, 35, edit-page, 2 
edit-page, 2021-06-03 14:26:06.373Z, 30, edit-post, 6 
posts, 2021-06-24 15:18:04.233Z, 32, pages, 7 
tags, 2021-06-25 16:08:10.188Z, 45, edit-page, 7 
tags, 2021-04-01 10:50:31.387Z, 35, settings, 7 
tags, 2021-01-06 17:48:47.005Z, 36, edit-page, 1 
settings, 2021-05-07 15:56:51.827Z, 38, pages, 1 
edit-post, 2021-05-20 07:45:42.295Z, 45, edit-post, 4 
settings, 2021-02-27 08:54:23.297Z, 25, edit-page, 1 
edit-post, 2021-06-06 09:51:22.004Z, 22, tags, 10 
tags, 2021-02-15 13:24:29.337Z, 27, tags, 2 
tags, 2021-01-31 01:53:35.010Z, 28, posts, 5 
tags, 2021-04-22 08:09:24.109Z, 24, edit-page, 7 
posts, 2021-01-20 07:39:24.748Z, 40, posts, 3 
tags, 2021-01-20 22:24:03.838Z, 41, edit-page, 6 
posts, 2021-04-11 07:43:41.476Z, 27, pages, 2 
pages, 2021-01-20 14:52:50.684Z, 38, edit-page, 9 
edit-post, 2021-05-05 21:18:22.230Z, 42, posts, 9 
settings, 2021-02-18 08:52:55.492Z, 30, tags, 1 
edit-page, 2021-02-28 02:22:54.050Z, 31, edit-post, 4 
tags, 2021-03-04 07:47:00.316Z, 35, edit-post, 9 
settings, 2021-02-26 19:07:28.243Z, 36, edit-page, 4 
edit-page, 2021-03-02 06:24:17.493Z, 22, edit-page, 6 
edit-page, 2021-01-08 03:39:48.204Z, 34, edit-page, 2 
posts, 2021-02-02 19:37:57.184Z, 42, edit-page, 2 
tags, 2021-06-08 02:48:25.772Z, 42, pages, 8 
tags, 2021-05-08 11:25:46.479Z, 38, tags, 2 
tags, 2021-04-07 02:14:25.433Z, 37, posts, 3 
edit-post, 2021-05-23 06:15:33.407Z, 38, tags, 5 
tags, 2021-04-24 16:31:00.745Z, 39, posts, 4 
pages, 2021-03-17 00:43:39.999Z, 22, pages, 3 
pages, 2021-05-31 07:26:50.756Z, 25, settings, 2 
tags, 2021-04-20 00:22:46.545Z, 37, edit-page, 9 
posts, 2021-03-15 03:08:49.515Z, 44, settings, 9 
settings, 2021-02-12 09:01:25.107Z, 29, pages, 9 
pages, 2021-05-08 10:59:57.501Z, 27, tags, 3 
tags, 2021-02-09 03:23:25.766Z, 38, posts, 6 
edit-post, 2021-05-14 23:10:41.065Z, 36, settings, 8 
pages, 2021-02-22 08:05:51.386Z, 27, posts, 3 
settings, 2021-06-03 20:25:00.061Z, 26, posts, 10 
edit-post, 2021-01-01 06:26:49.328Z, 28, edit-post, 9 
tags, 2021-04-21 07:03:50.728Z, 23, posts, 3 
posts, 2021-02-26 20:50:38.438Z, 22, edit-post, 4 
edit-page, 2021-02-22 11:28:32.650Z, 39, edit-post, 10 
tags, 2021-02-24 01:53:40.274Z, 27, tags, 6 
edit-page, 2021-05-26 05:48:21.154Z, 34, edit-post, 3 
pages, 2021-03-07 14:42:49.574Z, 23, edit-post, 10 
edit-page, 2021-05-01 21:09:25.621Z, 36, settings, 6 
edit-post, 2021-02-08 16:41:41.222Z, 23, tags, 10 
posts, 2021-05-18 21:32:43.900Z, 23, posts, 1 
posts, 2021-01-28 14:59:00.937Z, 31, edit-post, 6 
pages, 2021-02-26 23:38:06.912Z, 26, edit-post, 8 
posts, 2021-06-04 20:36:04.965Z, 40, tags, 7 
tags, 2021-02-14 09:05:26.959Z, 44, tags, 6 
pages, 2021-05-03 12:55:45.694Z, 27, tags, 7 
edit-page, 2021-02-05 21:54:02.929Z, 29, posts, 9 
posts, 2021-02-04 20:33:58.598Z, 22, tags, 5 
tags, 2021-02-10 08:41:51.390Z, 30, edit-post, 2 
edit-post, 2021-02-04 10:58:19.637Z, 38, pages, 10 
pages, 2021-03-04 12:11:35.978Z, 44, tags, 5 
tags, 2021-05-25 13:15:42.524Z, 39, pages, 7 
tags, 2021-06-23 19:41:19.192Z, 23, pages, 3 
tags, 2021-03-29 11:26:49.426Z, 40, settings, 10 
tags, 2021-04-25 10:43:31.921Z, 34, posts, 9 
edit-post, 2021-06-01 17:01:10.896Z, 38, settings, 5 
settings, 2021-05-09 15:17:12.456Z, 30, posts, 9 
tags, 2021-04-03 04:05:27.394Z, 35, edit-post, 7 
edit-page, 2021-05-17 08:42:51.610Z, 28, settings, 7 
pages, 2021-03-04 02:39:48.907Z, 26, edit-page, 10 
pages, 2021-05-04 10:53:04.662Z, 39, pages, 10 
edit-page, 2021-02-12 07:34:39.162Z, 43, settings, 10 
edit-page, 2021-04-15 18:54:32.783Z, 33, posts, 6 
tags, 2021-01-09 07:20:31.960Z, 44, tags, 8 
edit-post, 2021-01-17 06:10:52.853Z, 31, settings, 10 
edit-post, 2021-04-29 07:56:32.622Z, 34, pages, 1 
posts, 2021-06-06 21:19:40.791Z, 39, edit-page, 5 
settings, 2021-03-03 03:17:47.723Z, 43, edit-post, 4 
edit-post, 2021-05-12 08:44:54.027Z, 26, tags, 8 
tags, 2021-04-01 04:12:02.759Z, 31, tags, 6 
tags, 2021-06-12 02:11:04.458Z, 29, edit-post, 5 
settings, 2021-02-19 05:14:52.446Z, 39, edit-post, 3 
tags, 2021-03-23 11:44:10.930Z, 37, tags, 2 
edit-page, 2021-03-13 07:21:39.717Z, 32, tags, 3 
edit-page, 2021-02-04 08:45:06.860Z, 37, posts, 4 
pages, 2021-02-16 08:44:36.781Z, 39, tags, 4 
tags, 2021-03-24 03:28:25.326Z, 29, tags, 3 
posts, 2021-04-26 11:30:18.334Z, 37, settings, 6 
edit-post, 2021-01-23 16:54:41.091Z, 41, pages, 6 
edit-post, 2021-02-26 03:57:32.004Z, 41, tags, 10 
edit-post, 2021-01-22 00:48:47.280Z, 30, edit-post, 3 
edit-page, 2021-01-14 05:34:56.942Z, 41, tags, 5 
edit-page, 2021-02-09 09:15:30.473Z, 26, posts, 2 
edit-page, 2021-04-29 10:37:39.189Z, 41, pages, 2 
edit-post, 2021-02-11 06:29:09.995Z, 28, tags, 5 
tags, 2021-05-14 12:33:34.217Z, 40, edit-post, 4 
posts, 2021-04-02 03:25:27.447Z, 29, settings, 7 
pages, 2021-01-08 10:28:25.982Z, 24, settings, 1 
posts, 2021-03-21 08:49:23.362Z, 33, tags, 3 
pages, 2021-05-07 05:46:55.125Z, 43, pages, 6 
posts, 2021-04-29 03:41:02.673Z, 27, pages, 7 
edit-page, 2021-02-01 14:32:10.417Z, 26, tags, 4 
edit-post, 2021-06-02 20:10:19.638Z, 35, tags, 6 
tags, 2021-01-25 11:45:30.689Z, 38, tags, 7 
edit-post, 2021-05-30 01:35:59.325Z, 26, tags, 6 
tags, 2021-05-22 15:20:36.000Z, 31, tags, 3 
edit-page, 2021-02-02 15:30:16.757Z, 27, tags, 7 
pages, 2021-02-11 16:21:37.533Z, 25, edit-page, 4 
tags, 2021-03-24 11:22:19.157Z, 29, tags, 10 
tags, 2021-04-11 18:33:27.447Z, 28, settings, 4 
tags, 2021-04-12 06:20:17.160Z, 40, edit-page, 10 
settings, 2021-01-27 08:04:45.286Z, 36, pages, 10 
edit-post, 2021-03-06 01:15:19.574Z, 45, edit-post, 1 
tags, 2021-06-02 23:37:43.313Z, 40, pages, 3 
posts, 2021-01-13 05:33:55.773Z, 25, edit-page, 1 
tags, 2021-02-13 22:59:17.842Z, 31, tags, 10 
posts, 2021-03-17 05:56:15.268Z, 26, edit-post, 10 
pages, 2021-01-21 02:56:52.444Z, 26, tags, 4 
edit-post, 2021-06-14 23:05:19.721Z, 44, posts, 6 
posts, 2021-03-16 04:39:03.111Z, 31, edit-post, 3 
edit-post, 2021-06-18 20:46:54.302Z, 37, posts, 4 
settings, 2021-02-02 03:20:26.849Z, 43, tags, 9 
pages, 2021-03-04 22:47:33.296Z, 29, edit-page, 7 
edit-page, 2021-02-05 05:27:41.321Z, 24, edit-page, 5 
pages, 2021-04-14 23:02:17.171Z, 40, posts, 9 
settings, 2021-06-06 16:27:58.947Z, 38, tags, 10 
edit-post, 2021-04-14 10:56:02.898Z, 40, edit-page, 2 
pages, 2021-01-18 01:00:10.550Z, 38, settings, 6 
edit-page, 2021-05-09 07:33:23.950Z, 40, settings, 9 
pages, 2021-01-06 06:03:25.265Z, 42, pages, 8 
settings, 2021-01-25 09:46:54.121Z, 41, edit-page, 2 
pages, 2021-05-22 09:58:51.538Z, 37, tags, 9 
edit-page, 2021-02-23 12:29:06.440Z, 40, pages, 6 
tags, 2021-06-08 11:13:02.255Z, 38, edit-page, 9 
edit-page, 2021-03-30 05:52:32.404Z, 45, posts, 10 
edit-post, 2021-01-18 11:08:54.378Z, 31, pages, 6 
edit-page, 2021-04-24 19:52:47.218Z, 29, tags, 6 
edit-page, 2021-02-10 21:47:38.629Z, 45, edit-post, 1 
settings, 2021-04-01 22:40:47.098Z, 29, pages, 1 
tags, 2021-05-13 12:56:02.262Z, 23, posts, 5 
edit-post, 2021-01-09 03:33:54.030Z, 42, pages, 5 
tags, 2021-05-20 06:14:37.549Z, 25, pages, 3 
tags, 2021-05-11 20:11:55.511Z, 41, edit-post, 8 
tags, 2021-06-22 03:28:04.139Z, 22, tags, 5 
edit-post, 2021-05-08 21:16:25.908Z, 40, edit-page, 7 
tags, 2021-01-22 23:09:33.157Z, 40, posts, 4 
tags, 2021-03-17 18:56:30.074Z, 35, edit-post, 1 
tags, 2021-02-19 19:42:12.586Z, 26, posts, 3 
settings, 2021-06-21 15:02:14.387Z, 26, edit-post, 3 
tags, 2021-05-13 23:49:34.917Z, 44, edit-page, 4 
edit-page, 2021-06-06 20:04:50.600Z, 25, edit-page, 2 
pages, 2021-06-03 19:38:43.840Z, 26, tags, 8 
edit-page, 2021-03-07 06:43:27.622Z, 29, posts, 7 
edit-page, 2021-02-15 03:37:11.043Z, 36, posts, 2 
tags, 2021-06-23 19:35:38.120Z, 40, tags, 5 
tags, 2021-06-14 03:49:53.965Z, 27, posts, 6 
posts, 2021-04-16 04:12:14.554Z, 37, posts, 5 
tags, 2021-01-10 02:35:52.767Z, 34, pages, 7 
posts, 2021-01-14 15:15:41.869Z, 23, tags, 1 
posts, 2021-06-26 01:27:18.526Z, 28, posts, 7 
pages, 2021-01-27 22:55:06.069Z, 44, settings, 5 
settings, 2021-04-25 14:22:32.336Z, 27, posts, 5 
edit-page, 2021-05-11 09:55:58.327Z, 23, tags, 4 
edit-page, 2021-04-07 17:21:36.863Z, 30, edit-post, 8 
tags, 2021-06-03 18:50:26.875Z, 39, tags, 1 
tags, 2021-04-23 06:29:47.044Z, 29, edit-page, 5 
settings, 2021-01-03 09:28:16.054Z, 31, pages, 10 
tags, 2021-02-01 00:10:45.193Z, 35, edit-post, 9 
tags, 2021-02-06 09:45:13.553Z, 44, edit-page, 6 
tags, 2021-01-23 00:22:35.735Z, 33, tags, 3 
posts, 2021-03-01 11:48:47.487Z, 29, edit-post, 10 
posts, 2021-04-29 07:43:17.479Z, 39, tags, 10 
edit-post, 2021-02-07 10:14:56.869Z, 37, edit-post, 8 
tags, 2021-04-18 22:30:03.534Z, 29, edit-post, 4 
tags, 2021-04-13 04:30:05.227Z, 43, tags, 2 
posts, 2021-01-29 10:41:53.777Z, 26, edit-page, 8 
edit-post, 2021-02-22 21:12:09.165Z, 26, edit-page, 7 
edit-page, 2021-05-18 07:06:09.815Z, 23, tags, 1 
tags, 2021-06-09 11:47:38.492Z, 41, tags, 5 
tags, 2021-03-21 13:53:39.038Z, 45, edit-post, 6 
edit-post, 2021-05-07 16:20:00.163Z, 23, posts, 4 
pages, 2021-02-16 00:06:25.829Z, 25, tags, 9 
posts, 2021-06-21 01:00:58.938Z, 36, edit-post, 2 
settings, 2021-03-08 01:57:24.747Z, 41, pages, 1 
tags, 2021-03-12 17:39:02.774Z, 25, tags, 9 
edit-page, 2021-02-04 03:11:09.721Z, 30, tags, 9 
tags, 2021-01-27 18:35:41.815Z, 44, edit-post, 4 
edit-post, 2021-05-08 07:17:36.863Z, 27, pages, 7 
tags, 2021-03-26 20:46:28.901Z, 29, pages, 3 
posts, 2021-03-27 15:51:17.401Z, 35, pages, 9 
edit-post, 2021-03-10 10:48:22.233Z, 42, tags, 7 
edit-page, 2021-06-21 09:15:41.824Z, 26, edit-post, 6 
edit-page, 2021-06-22 13:14:59.862Z, 27, posts, 6 
posts, 2021-06-04 20:39:58.463Z, 43, pages, 9 
tags, 2021-04-25 08:29:44.427Z, 38, settings, 1 
tags, 2021-01-14 17:18:28.919Z, 28, tags, 6 
edit-page, 2021-04-15 00:18:28.381Z, 26, pages, 6 
tags, 2021-03-11 02:28:17.430Z, 29, tags, 10 
posts, 2021-04-12 02:54:43.137Z, 34, edit-post, 4 
